method,clean_utility,static_asr,static_attack_utility,clean_cases,attack_cases,complete,source
CLAFR,68.70535714285714,0.0,59.520975056689345,71,585,True,four-suite rerun; unweighted suite macro
No Defense,72.1857142857143,5.175000000000001,61.221428571428575,71,585,True,Word first-three-suite macro + workspace rerun; unweighted suite macro
Sandwich,80.57142857142857,2.0999999999999996,65.36836734693877,71,585,True,Word first-three-suite macro + workspace rerun; unweighted suite macro
Reminder,76.59642857142858,0.6000000000000001,65.38367346938776,71,585,True,Word first-three-suite macro + workspace rerun; unweighted suite macro
Spotlighting,70.50714285714287,2.4525510204081633,62.72908163265306,71,585,True,Word first-three-suite macro + workspace rerun; unweighted suite macro
PIGuard,46.26428571428571,0.0,34.35357142857143,71,585,True,Word first-three-suite macro + workspace rerun; unweighted suite macro
ProtectAI,48.88928571428571,2.325,38.55510204081632,71,585,True,Word first-three-suite macro + workspace rerun; unweighted suite macro
Progent,65.98928571428571,1.35,54.244897959183675,71,585,True,Word first-three-suite macro + workspace rerun; unweighted suite macro
DRIFT,41.74642857142857,0.22499999999999998,38.80663265306122,71,585,True,Word first-three-suite macro + workspace rerun; unweighted suite macro
